pdb_id,resolution,year,binding_type,binding_value,unit,binding_value_nM,ligand_name
4tmn,1.7,1989,Ki,0.068,nM,0.068,0PK
5tmn,1.6,1989,Ki,9.1,nM,9.1,0PJ
1ydr,2.2,1997,Ki,3.0,uM,3000.0,IQP
1ydt,2.3,1997,Ki,48.0,nM,48.0,IQB
1bcu,2.0,1998,Kd,0.53,mM,530000.0,PRL
1a30,2.0,1998,Ki,50.0,uM,50000.0,3-mer
1bzc,2.35,1999,Ki,12.0,uM,12000.0,TPI
1qf1,2.0,1999,Ki,48.0,nM,48.0,TI1
1qkt,2.2,2000,Kd,0.92,nM,0.92,EST
1c5z,1.85,2000,Ki,97.0,uM,97000.0,BAM
1k1i,2.2,2001,Kd,264.0,nM,264.0,FD1
1e66,2.1,2001,Ki,0.13,nM,0.13,HUX
1g2k,1.95,2001,Ki,11.0,nM,11.0,NM1
1eby,2.29,2002,Ki,0.2,nM,0.2,BEB
1gpn,2.35,2002,Ki,0.334,uM,334.0,HUB
1h22,2.15,2002,Ki,0.8,nM,0.8,E10
1gpk,2.1,2002,Ki,4.3,uM,4300.0,HUP
1h23,2.15,2002,Ki,4.5,nM,4.5,E12
1p1n,1.6,2003,Kd,0.16,uM,160.0,KAI
1q8u,1.9,2003,Kd,1.1,uM,1100.0,H52
1p1q,2.0,2003,Kd,12.8,uM,12800.0,AMQ
1q8t,2.0,2003,Kd,17.5,uM,17500.0,Y27
1o3f,1.55,2003,Ki,0.011,uM,11.0,696
1oyt,1.67,2003,Ki,0.057,uM,57.0,FSN
1nc1,2.0,2003,Ki,0.75,uM,750.0,MTH
1o0h,1.2,2003,Ki,1.2,uM,1200.0,ADP
1nc3,2.2,2003,Ki,10.0,uM,10000.0,FMC
1owh,1.61,2003,Ki,40.0,nM,40.0,239
1ps3,1.8,2003,Ki,5.2,mM,5200000.0,KIF
1nvq,2.0,2003,Ki,5.6,nM,5.6,UCN
1mq6,2.1,2003,Ki,7.0,pM,0.007,XLD
1lpg,2.0,2003,Ki,82.0,nM,82.0,IMA
1uto,1.15,2004,Kd,5.32,mM,5320000.0,PEA
1pxn,2.5,2004,Ki,0.07,uM,70.0,CK6
1r5y,1.2,2004,Ki,0.35,uM,350.0,DQU
1sqa,2.0,2004,Ki,0.62,nM,0.62,UI1
1o5b,1.85,2004,Ki,1.7,uM,1700.0,ESI
1s38,1.81,2004,Ki,7.0,uM,7000.0,MAQ
1u1b,2.0,2005,Kd,16.0,nM,16.0,PAX
2c3i,1.9,2005,Kd,25.0,nM,25.0,IYZ
1yc1,1.7,2005,Kd,680.0,nM,680.0,4BC
2brb,2.1,2005,Ki,13.7,uM,13700.0,PFQ
1z9g,1.7,2005,Ki,2.3,uM,2300.0,RRT
1syi,2.1,2005,Ki,3590.0,nM,3590.0,CPW
2al5,1.65,2005,Ki,4.0,nM,4.0,FWD
1w4o,1.6,2005,Ki,6.0,uM,6000.0,UA3
2br1,2.0,2005,Ki,7.2,uM,7200.0,PFP
1z95,1.8,2005,Ki,76.0,nM,76.0,198
1y6r,2.2,2005,Ki,77.0,pM,0.077,MTM
2iwx,1.5,2006,Kd,0.21,uM,210.0,M1S
2cbv,1.95,2006,Kd,3.3,uM,3300.0,CGB
2j78,1.65,2006,Kd,384.0,nM,384.0,GOX
2j7h,1.95,2006,Kd,65.0,nM,65.0,AZF
2cet,1.97,2006,Kd,9.6,nM,9.6,PGI
1z6e,1.8,2006,Ki,0.19,nM,0.19,IK8
2hb1,2.0,2006,Ki,160.0,uM,160000.0,512
2fvd,1.85,2006,Ki,3.0,nM,3.0,LIA
2v7a,2.5,2007,Kd,0.005,uM,5.0,627
2v00,1.55,2007,Kd,0.22,mM,220000.0,V15
2fxs,2.0,2007,Kd,0.87,uM,870.0,RDA
2p15,1.94,2007,Kd,50.0,pM,0.05,EZT
2pog,1.84,2007,Ki,0.29,nM,0.29,WST
3bgz,2.4,2007,Ki,0.55,uM,550.0,VX3
2qe4,2.4,2007,Ki,11.0,nM,11.0,JJ3
1vso,1.85,2007,Ki,18.98,uM,18980.0,AT1
3cj4,2.07,2008,Kd,0.31,uM,310.0,SX5
2zb1,2.5,2008,Kd,0.48,uM,480.0,GK4
3coy,2.03,2008,Kd,0.96,uM,960.0,53H
3coz,2.0,2008,Kd,2.7,uM,2700.0,54H
3f3e,1.8,2008,Kd,20.0,nM,20.0,LEU
2vw5,1.9,2008,Kd,3.0,nM,3.0,BC6
2vvn,1.85,2008,Kd,50.0,nM,50.0,NHT
3f3d,2.3,2008,Kd,69.0,nM,69.0,MET
2qbp,2.5,2008,Ki,0.004,uM,4.0,527
2qbq,2.1,2008,Ki,0.036,uM,36.0,4B3
2qbr,2.3,2008,Ki,0.47,uM,470.0,910
3b65,1.8,2008,Ki,0.54,nM,0.54,3B6
2qnq,2.3,2008,Ki,0.77,uM,770.0,QN3
3e93,2.0,2008,Ki,1.4,nM,1.4,19B
2zcq,2.38,2008,Ki,1.5,nM,1.5,B65
3b5r,1.8,2008,Ki,1.7,nM,1.7,B5R
2vkm,2.05,2008,Ki,1.8,nM,1.8,BSD
3e92,2.0,2008,Ki,10.0,nM,10.0,G6A
2zcr,1.92,2008,Ki,135.0,nM,135.0,B69
3d4z,1.39,2008,Ki,13.0,uM,13000.0,GIM
2p4y,2.25,2008,Ki,1.0,nM,1.0,C03
3bv9,1.8,2008,Ki,4.4,uM,4400.0,6-mer
2zda,1.73,2008,Ki,4.0,nM,4.0,32U
3b68,1.9,2008,Ki,4.0,nM,4.0,B68
3e5a,2.3,2008,Ki,5.9,nM,5.9,VX6
3f3a,2.0,2008,Ki,64.8,uM,64800.0,TRP
2r9w,1.8,2008,Ki,8.0,uM,8000.0,23C
3f3c,2.1,2008,Ki,950.0,nM,950.0,PFF
3jvs,1.9,2009,Kd,0.29,uM,290.0,AGY
3gnw,2.39,2009,Kd,0.79,nM,0.79,XNC
2w4x,2.42,2009,Kd,14.0,uM,14000.0,STZ
2wn9,1.75,2009,Kd,3.0,nM,3.0,ZY5
2weg,1.1,2009,Kd,314.0,nM,314.0,FBV
2wnc,2.2,2009,Kd,479.0,nM,479.0,TKT
3ivg,1.95,2009,Kd,50.0,uM,50000.0,FG5
3kr8,2.1,2009,Kd,8.0,nM,8.0,XAV
2wer,1.6,2009,Kd,90.0,nM,90.0,RDC
2zy1,1.78,2009,Ki,0.04,uM,40.0,830
3jya,2.1,2009,Ki,0.1301,uM,130.1,LWG
3g0w,1.95,2009,Ki,0.3,nM,0.3,LGB
3ebp,2.0,2009,Ki,1.24,uM,1240.0,CPB
3g31,1.7,2009,Ki,1.3,mM,1300000.0,GF1
3ehy,1.9,2009,Ki,1.4,uM,1400.0,TBL
3fcq,1.75,2009,Ki,1.7,mM,1700000.0,M3S
3jvr,1.76,2009,Ki,1.89,uM,1890.0,AGX
3fur,2.3,2009,Ki,10.0,nM,10.0,Z12
3gbb,2.1,2009,Ki,126.0,nM,126.0,MS8
3dx2,1.4,2009,Ki,150.0,nM,150.0,MZB
3d6q,1.6,2009,Ki,172.0,uM,172000.0,U3S
3dd0,1.48,2009,Ki,1.0,nM,1.0,EZL
2wca,2.3,2009,Ki,2.5,uM,2500.0,NP6
3kgp,2.35,2009,Ki,2.68,mM,2680000.0,4AZ
3ejr,1.27,2009,Ki,2.7,nM,2.7,HN4
3dx1,1.21,2009,Ki,265.0,uM,265000.0,YHO
3ge7,1.5,2009,Ki,2.0,nM,2.0,AFQ
2wbg,1.85,2009,Ki,35.2,uM,35200.0,LGS
3gr2,1.8,2009,Ki,3.0,mM,3000000.0,GF4
3dxg,1.39,2009,Ki,4.0,mM,4000000.0,U5P
3g2z,1.5,2009,Ki,4.4,mM,4400000.0,GZ2
3gc5,1.4,2009,Ki,55.0,nM,55.0,2MQ
3gv9,1.8,2009,Ki,7.5,mM,7500000.0,GV9
2w66,2.27,2009,Ki,89.0,uM,89000.0,HQ6
3myg,2.4,2010,Kd,0.02,nM,0.02,EML
3k5v,1.74,2010,Kd,0.5,uM,500.0,STJ
3lka,1.8,2010,Kd,1.5,mM,1500000.0,M4S
3mss,1.95,2010,Kd,22.0,uM,22000.0,MS7
2xbv,1.66,2010,Kd,3.7,nM,3.7,XBV
2x00,2.4,2010,Kd,4.7,pM,0.0047,GYN
3p5o,1.6,2010,Kd,55.2,nM,55.2,EAM
2xii,1.8,2010,Kd,63.3,nM,63.3,TA9
3nx7,1.8,2010,Kd,7.88,nM,7.88,NHK
2wvt,1.8,2010,Kd,755.0,nM,755.0,FHN
2xdl,1.98,2010,Kd,790.0,uM,790000.0,2DL
3gy4,1.55,2010,Kd,8.0,uM,8000.0,PBZ
3nq9,1.9,2010,Kd,92.6,uM,92600.0,OCA
3fv1,1.5,2010,Ki,0.5,nM,0.5,DYH
2wtv,2.4,2010,Ki,1.8,nM,1.8,ZZL
2xnb,1.85,2010,Ki,149.0,nM,149.0,Y8L
3acw,1.63,2010,Ki,17.5,uM,17500.0,651
2xj7,2.0,2010,Ki,220.0,nM,220.0,GC2
2xb8,2.4,2010,Ki,26.0,nM,26.0,XNW
3l7b,2.0,2010,Ki,4.01,mM,4010000.0,DKZ
3fv2,1.5,2010,Ki,7.7,nM,7.7,NDZ
3g2n,2.1,2010,Ki,81.0,uM,81000.0,OAK
3kwa,2.0,2010,Ki,84.0,uM,84000.0,SPM
3ag9,2.0,2010,Ki,9.0,nM,9.0,A02
3arp,1.55,2011,Kd,0.07,uM,70.0,DEQ
3uex,2.1,2011,Kd,0.12,uM,120.0,STE
2yki,1.67,2011,Kd,0.35,nM,0.35,YKI
3uew,2.0,2011,Kd,0.49,uM,490.0,PLM
3arq,1.5,2011,Kd,0.4,uM,400.0,DM5
3ary,1.35,2011,Kd,1.0,uM,1000.0,I5I
3uev,1.9,2011,Kd,1.29,uM,1290.0,MYR
3pyy,1.85,2011,Kd,137.0,nM,137.0,3YY
3ryj,1.39,2011,Kd,16.0,nM,16.0,RYJ
3arv,1.5,2011,Kd,2.3,uM,2300.0,SAU
3u5j,1.6,2011,Kd,2.46,uM,2460.0,08H
3pxf,1.8,2011,Kd,37.0,uM,37000.0,2AN
3rsx,2.48,2011,Kd,38.8,uM,38800.0,RSV
3ueu,2.1,2011,Kd,5.81,uM,5810.0,DAO
3b27,1.5,2011,Kd,6.9,uM,6900.0,B2T
3aru,1.9,2011,Kd,600.0,uM,600000.0,PNX
3ao4,1.95,2011,Kd,8.5,mM,8500000.0,833
2yge,1.96,2011,Kd,8.62,uM,8620.0,GDM
3u8n,2.35,2011,Ki,0.067,nM,0.067,09S
3n76,1.9,2011,Ki,0.14,uM,140.0,CA2
3o9i,1.45,2011,Ki,1.5,pM,0.0015,A61
3oe5,1.52,2011,Ki,132.0,nM,132.0,611
3prs,1.38,2011,Ki,15.0,nM,15.0,RIT
2y5h,1.33,2011,Ki,1620.0,nM,1620.0,Y5H
3qgy,2.1,2011,Ki,16.0,nM,16.0,L7O
3nw9,1.65,2011,Ki,1.0,nM,1.0,637
3ui7,2.28,2011,Ki,1.0,nM,1.0,C1L
3u8k,2.47,2011,Ki,2.2,nM,2.2,09P
3n86,1.9,2011,Ki,2.3,uM,2300.0,RJP
3n7a,2.0,2011,Ki,200.0,uM,200000.0,FA1
3b1m,1.6,2011,Ki,3.3,nM,3.3,KRC
3rlr,1.7,2011,Ki,30.0,nM,30.0,3RR
3oe4,1.49,2011,Ki,34.0,nM,34.0,610
2xys,1.91,2011,Ki,38.0,nM,38.0,SY9
3u9q,1.52,2011,Ki,41.7,uM,41700.0,DKA
3ozs,1.44,2011,Ki,4645.0,nM,4645.0,OZS
3pww,1.22,2011,Ki,48.0,nM,48.0,ROC
3ozt,1.48,2011,Ki,74.9,uM,74900.0,OZZ
3udh,1.7,2012,Kd,1.4,mM,1400000.0,091
4agn,1.6,2012,Kd,107.0,uM,107000.0,NXG
3zt2,1.7,2012,Kd,1435.0,uM,1435000.0,ZT2
4agp,1.5,2012,Kd,20.6,uM,20600.0,P51
4abg,1.52,2012,Kd,271.0,uM,271000.0,91B
3uo4,2.45,2012,Kd,299.0,nM,299.0,0C0
3up2,2.3,2012,Kd,40.0,nM,40.0,0C8
3zsx,1.95,2012,Kd,519.0,uM,519000.0,N44
3tsk,2.0,2012,Kd,67.0,nM,67.0,QEG
2ymd,1.96,2012,Kd,693.0,uM,693000.0,SRO
3zso,1.75,2012,Kd,7.6,uM,7600.0,O2N
4eo8,1.8,2012,Kd,7.0,nM,7.0,0S3
4agq,1.42,2012,Kd,9.7,uM,9700.0,P96
3utu,1.55,2012,Ki,0.012,nM,0.012,1TS
4gid,2.0,2012,Ki,0.017,nM,0.017,0GH
4djv,1.73,2012,Ki,0.19,uM,190.0,0KM
2yfe,2.0,2012,Ki,0.236,uM,236.0,YFE
4ea2,2.05,2012,Ki,0.36,uM,360.0,RWZ
4de1,1.26,2012,Ki,1.1,uM,1100.0,0J6
3qqs,1.97,2012,Ki,1.5,uM,1500.0,17C
4dld,2.0,2012,Ki,1.5,uM,1500.0,TZG
4hge,2.3,2012,Ki,11.9,nM,11.9,15V
3twp,1.83,2012,Ki,119.0,uM,119000.0,SAL
3uuo,2.11,2012,Ki,11.0,nM,11.0,0CV
3r88,1.73,2012,Ki,15.0,uM,15000.0,14F
3uri,2.1,2012,Ki,1.0,nM,1.0,8-mer
4f09,2.4,2012,Ki,200.0,nM,200.0,JAK
4e5w,1.86,2012,Ki,22.0,nM,22.0,0NT
3rr4,1.68,2012,Ki,28.05,uM,28050.0,HRD
4de3,1.44,2012,Ki,3.0,uM,3000.0,DN8
4eky,2.45,2012,Ki,303.0,uM,303000.0,D1J
4e6q,1.95,2012,Ki,4.4,nM,4.4,0NV
3syr,2.4,2012,Ki,7.9,uM,7900.0,GPK
4de2,1.4,2012,Ki,76.0,uM,76000.0,DN3
4ddh,2.07,2013,Kd,0.5,mM,500000.0,MS0
4j3l,2.09,2013,Kd,16.0,nM,16.0,AJ5
4dli,1.91,2013,Kd,2.4,uM,2400.0,IRG
4bkt,2.35,2013,Kd,240.0,uM,240000.0,QD0
4mme,2.5,2013,Kd,318.0,nM,318.0,29Q
4j21,1.93,2013,Kd,39.0,nM,39.0,AJ6
4ddk,1.75,2013,Kd,5.1,mM,5100000.0,0HN
4ih7,2.3,2013,Kd,5.8,uM,5800.0,1ER
4kzq,2.25,2013,Kd,788.0,nM,788.0,DFL
4ih5,1.9,2013,Kd,78.0,uM,78000.0,12R
4gfm,2.3,2013,Ki,0.06,uM,60.0,0X2
4ivc,2.35,2013,Ki,0.1,nM,0.1,1J6
4gr0,1.5,2013,Ki,0.28,nM,0.28,R4B
4ivd,1.93,2013,Ki,0.3,nM,0.3,15T
4jia,1.85,2013,Ki,0.6,nM,0.6,1K3
4k18,2.05,2013,Ki,1.1,nM,1.1,1OB
4f3c,1.93,2013,Ki,1.5,pM,0.0015,BIG
4ivb,1.9,2013,Ki,1.9,nM,1.9,1J5
4f9w,2.0,2013,Ki,114.0,nM,114.0,LM4
4j28,1.73,2013,Ki,2.0,uM,2000.0,EAT
4k77,2.4,2013,Ki,235.0,nM,235.0,1Q4
4kzu,2.1,2013,Ki,313.0,nM,313.0,A73
4f2w,2.0,2013,Ki,5.0,pM,0.005,TDI
4jfs,2.0,2013,Ki,5.4,uM,5400.0,16Z
4jsz,1.9,2013,Ki,5000.0,uM,5000000.0,FB2
4eor,2.2,2013,Ki,500.0,nM,500.0,4SP
4gkm,1.67,2013,Ki,6.8,uM,6800.0,683
3zdg,2.48,2013,Ki,79.0,nM,79.0,XRX
4w9h,2.1,2014,Kd,0.185,uM,185.0,3JF
4m0y,1.7,2014,Kd,0.35,uM,350.0,M0Y
4qac,2.1,2014,Kd,0.4,nM,0.4,KK3
4w9i,2.4,2014,Kd,1.1,uM,1100.0,3JS
4u4s,1.9,2014,Kd,1200.0,uM,1200000.0,3C1
4ogj,1.65,2014,Kd,164.0,nM,164.0,2TA
4lzs,2.2,2014,Kd,16.0,uM,16000.0,L46
4mgd,1.9,2014,Kd,20.19,uM,20190.0,27N
4cig,1.7,2014,Kd,214.0,uM,214000.0,X0P
4w9c,2.2,2014,Kd,22.2,uM,22200.0,3JG
4wiv,1.56,2014,Kd,550.0,nM,550.0,3P2
4m0z,2.0,2014,Kd,6.4,uM,6400.0,M0Z
4w9l,2.2,2014,Kd,9.52,uM,9520.0,3JJ
4ty7,2.09,2014,Ki,0.3,nM,0.3,39F
4kz6,1.68,2014,Ki,0.8,mM,800000.0,ZB6
4owm,1.99,2014,Ki,1090.0,uM,1090000.0,3F0
4llx,1.75,2014,Ki,1300.0,uM,1300000.0,5ZE
4pcs,1.77,2014,Ki,14.0,nM,14.0,2M7
4ciw,2.2,2014,Ki,15.0,uM,15000.0,XH2
4jxs,1.9,2014,Ki,18.0,uM,18000.0,18U
3wtj,2.24,2015,Kd,0.297,uM,297.0,TH4
5aba,1.62,2015,Kd,1040.0,uM,1040000.0,UL7
5a7b,1.4,2015,Kd,271.0,uM,271000.0,KMN
4crc,1.6,2015,Ki,0.0019,uM,1.9,OTM
4cra,1.8,2015,Ki,0.06,uM,60.0,XJ8
3wz8,1.45,2015,Ki,1.5,uM,1500.0,IXV
4twp,2.4,2015,Ki,100.0,pM,0.1,AXI
5c28,1.56,2015,Ki,2.2,uM,2200.0,4XV
4qd6,2.45,2015,Ki,2.3,nM,2.3,30T
4x6p,1.93,2015,Ki,5.0,nM,5.0,3YU
5dwr,2.0,2015,Ki,6.0,pM,0.006,5H7
5c2h,2.09,2015,Ki,8.2,pM,0.008199999999999999,4XU
4cr9,1.7,2015,Ki,80.0,uM,80000.0,OTW
4rfm,2.1,2015,Ki,90.0,pM,0.09,3P6
